{
  "model_type": "autoencoder",
  "model_name": "AE-2D-tapered-latent",
  "description": "Autoencoder 2D latent. Train-on-all: score = distance to normal cluster (health 0-100).",
  "train_on": "all",
  "performance": {
    "auc": 0.9619190404797602,
    "spearman_rho": 0.7573833009893445,
    "cohen_d": 1.5282673275790817
  },
  "feature_columns": [
    "cadence_spm",
    "stride_time_s",
    "stride_time_cv",
    "step_time_asymmetry",
    "stride_length_norm",
    "stride_amp_norm",
    "step_length_asymmetry",
    "knee_left_rom",
    "knee_right_rom",
    "knee_left_max",
    "knee_right_max",
    "ldj_knee_left",
    "ldj_knee_right",
    "ldj_hip",
    "trunk_lean_std_deg",
    "inter_ankle_cv"
  ],
  "n_features": 16,
  "latent_dim": 2,
  "hidden_dims": [
    12,
    8
  ],
  "scaler": {
    "mean": [
      93.82554180433253,
      1.3416377649325628,
      0.03583004423453677,
      -0.014970903079784558,
      11.314590232666655,
      5.703087638903507,
      -0.015306653126464807,
      24.97532546505211,
      28.51777856530499,
      177.96944668339404,
      177.49660621219084,
      4657.235847789426,
      4506.5419966208465,
      900.8323632752416,
      1.037987124008854,
      0.5025891985400414
    ],
    "scale": [
      18.875826698533565,
      0.3230322811361417,
      0.05371599391050236,
      0.07116271177956257,
      4.197531916153371,
      1.8874742548686183,
      0.05127926360906556,
      6.87602208637449,
      7.196234693517489,
      1.5908400251955848,
      1.9731975519266876,
      3611.7707636158984,
      3129.746910593557,
      480.9763861821263,
      0.38820533518869793,
      0.05474132108681666
    ]
  },
  "architecture": {
    "encoder": "16 \u2192 12 \u2192 8 \u2192 2",
    "decoder": "2 \u2192 8 \u2192 12 \u2192 16",
    "activation": "relu",
    "output_activation": "linear"
  },
  "thresholds": {
    "optimal": -2.0755152679938784,
    "youden_sensitivity": 0.9043478260869565,
    "youden_specificity": 0.9310344827586207
  },
  "score_distributions": {
    "clean": {
      "mean": -1.1561827592729725,
      "std": 0.705169529207679,
      "median": -0.9486165352849638,
      "n": 58,
      "p0": -3.453534024148726,
      "p25": -1.4418287101041896,
      "p50": -0.9486165352849638,
      "p75": -0.6686943564190788,
      "p95": -0.31339382557477125,
      "p100": -0.2358294611521428
    },
    "impaired": {
      "mean": -5.080436707466558,
      "std": 3.562263602341154,
      "median": -4.024957055968321,
      "n": 115,
      "p0": -19.41016720383713,
      "p25": -6.571785463415382,
      "p50": -4.024957055968321,
      "p75": -2.523740169490228,
      "p95": -1.7640646338504977,
      "p100": -1.0276053175658515
    }
  },
  "score_mapping": {
    "score_meaning": "health_score_0_100_higher_healthier",
    "p1": -17.297734695291055,
    "p99": -0.2608794273488583,
    "formula": "clip((score - p1) / (p99 - p1) * 100, 0, 100)",
    "classify_impaired_if": "score < optimal threshold"
  },
  "clinical_mapping": {
    "input_type": "raw_score",
    "lower_is_better": false,
    "breakpoints": [-17.297734695291055, -0.2608794273488583],
    "health_scores": [0, 0, 100],
    "description": "Raw < p1: 0, p1 to p99: linear 0-100, > p99: 100"
  },
  "threshold": 89.3,
  "threshold_meaning": "health_score_below_this_is_impaired",
  "tflite_model": "AE-2D-tapered-latent.tflite",
  "usage": {
    "step1": "Normalize: x_norm = (x - scaler.mean) / scaler.scale",
    "step2": "Encode to latent (encoder subgraph or same model to latent layer)",
    "step3": "Mahalanobis: d = sqrt((z-mu)^T @ inv_cov @ (z-mu)); health = -d",
    "step4": "Health score: higher = healthier (use clinical_mapping)",
    "step5": "Classify: impaired if health_score < threshold"
  },
  "generated": "2026-03-07T21:45:35.011662",
  "encoder_tflite": "AE-2D-tapered-latent_encoder.tflite",
  "normal_centroid": [
    -0.08811458200216293,
    -3.028418779373169
  ],
  "inv_covariance": [
    [
      1.2516717087697495,
      0.294988890563218
    ],
    [
      0.294988890563218,
      0.39030415854295597
    ]
  ]
}
