{
  "model_type": "ridge_regression",
  "model_name": "Ridge",
  "description": "Ridge regression for severity prediction. Trained on v2 extraction data.",
  "performance": {
    "auc": 0.9895052473763117,
    "spearman_rho": 0.8440742555292621,
    "cohen_d": 2.8406705375048027
  },
  "feature_columns": [
    "cadence_spm",
    "stride_time_s",
    "stride_time_cv",
    "step_time_asymmetry",
    "stride_length_norm",
    "stride_amp_norm",
    "step_length_asymmetry",
    "knee_left_rom",
    "knee_right_rom",
    "knee_left_max",
    "knee_right_max",
    "ldj_knee_left",
    "ldj_knee_right",
    "ldj_hip",
    "trunk_lean_std_deg",
    "inter_ankle_cv"
  ],
  "n_features": 16,
  "scaler": {
    "mean": [
      93.82554180433253,
      1.3416377649325628,
      0.03583004423453677,
      -0.014970903079784558,
      11.314590232666655,
      5.703087638903507,
      -0.015306653126464807,
      24.97532546505211,
      28.51777856530499,
      177.96944668339404,
      177.49660621219084,
      4657.235847789426,
      4506.5419966208465,
      900.8323632752416,
      1.037987124008854,
      0.5025891985400414
    ],
    "scale": [
      18.875826698533565,
      0.3230322811361417,
      0.05371599391050236,
      0.07116271177956257,
      4.197531916153371,
      1.8874742548686183,
      0.05127926360906556,
      6.87602208637449,
      7.196234693517489,
      1.5908400251955848,
      1.9731975519266876,
      3611.7707636158984,
      3129.746910593557,
      480.9763861821263,
      0.38820533518869793,
      0.05474132108681666
    ]
  },
  "thresholds": {
    "binary_optimal": -Infinity,
    "youden_sensitivity": 0.0,
    "youden_specificity": 1.0
  },
  "score_distributions": {
    "clean": {
      "mean": 0.20409009728269464,
      "std": 0.42488445854330287,
      "median": 0.25087869688311826,
      "n": 58,
      "p0": -0.861067422359719,
      "p25": -0.10843801493133359,
      "p50": 0.25087869688311826,
      "p75": 0.5584902585381292,
      "p95": 0.8050119243279261,
      "p100": 1.087452854032783
    },
    "impaired": {
      "mean": 1.7812256550314711,
      "std": 0.6602753843693567,
      "median": 1.7229126370486,
      "n": 115,
      "p0": 0.45218472085869765,
      "p25": 1.312651755764691,
      "p50": 1.7229126370486,
      "p75": 2.202037242439094,
      "p95": 2.897302192207471,
      "p100": 3.916027925348145
    },
    "severity_0": {
      "mean": 0.20409009728269464,
      "std": 0.42488445854330287,
      "median": 0.25087869688311826,
      "n": 58,
      "p0": -0.861067422359719,
      "p25": -0.10843801493133359,
      "p50": 0.25087869688311826,
      "p75": 0.5584902585381292,
      "p95": 0.8050119243279261,
      "p100": 1.087452854032783
    },
    "severity_1": {
      "mean": 1.4414559136854348,
      "std": 0.5843512752869895,
      "median": 1.3567648593860206,
      "n": 40,
      "p0": 0.45218472085869765,
      "p25": 1.0116728333648712,
      "p50": 1.3567648593860206,
      "p75": 1.8494386791417372,
      "p95": 2.3642942545491534,
      "p100": 3.304032494526487
    },
    "severity_2": {
      "mean": 1.6692751069348997,
      "std": 0.3842396047075557,
      "median": 1.6452398359401548,
      "n": 48,
      "p0": 0.7587551624472288,
      "p25": 1.4143861186485722,
      "p50": 1.6452398359401548,
      "p75": 1.8123662523223474,
      "p95": 2.2299907755238135,
      "p100": 2.954356802915904
    },
    "severity_3": {
      "mean": 2.4836114314195035,
      "std": 0.6339405417325782,
      "median": 2.472310723836078,
      "n": 27,
      "p0": 0.6782732347739953,
      "p25": 2.2229808977876364,
      "p50": 2.472310723836078,
      "p75": 2.7911623414195526,
      "p95": 3.6290424886453776,
      "p100": 3.916027925348145
    }
  },
  "score_mapping": {
    "description": "Model predicts severity (0-3 scale)",
    "to_0_100": "score_0_100 = (1 - predicted_severity / 3.0) * 100",
    "formula": "Health score where 100=healthy, 0=severe"
  },
  "generated": "2026-03-07T21:45:34.035717",
  "ridge": {
    "coefficients": [
      -0.6272548852747445,
      -0.3159238395055234,
      -0.04902179715335321,
      -0.11438595587802891,
      -0.38824663648692803,
      0.23801127194289765,
      0.07608852558076631,
      -0.21930587365210225,
      -0.33653305710049347,
      -0.055229910980634615,
      -0.12288454381740496,
      0.03115557792765603,
      -0.02506320922527314,
      0.14234672602735146,
      -0.017250715998091998,
      -0.054750259414082215
    ],
    "intercept": 1.254335260115607,
    "description": "severity = dot(coefficients, x_norm) + intercept"
  },
  "usage": {
    "step1": "Normalize: x_norm = (x - scaler.mean) / scaler.scale",
    "step2": "Predict: severity = dot(ridge.coefficients, x_norm) + ridge.intercept",
    "step3": "Map to 0-100: (1 - severity / 3.0) * 100, then apply shared breakpoints [50,70,85]"
  },
  "score_range": {
    "min": -0.861067422359719,
    "max": 3.916027925348145
  },
  "threshold": -Infinity,
  "clinical_mapping": {
    "lower_is_better": false,
    "breakpoints": [50.0, 70.0, 85.0],
    "health_scores": [0.0, 40.0, 65.0, 85.0, 100.0],
    "description": "After (1-severity/3)*100, shared piecewise mapping applies."
  }
}