{
  "model_type": "pca",
  "model_name": "PCA-2",
  "description": "PCA with 2 components. Trained on v2 extraction data.",
  "performance": {
    "auc": 0.9712143928035982,
    "spearman_rho": 0.7762383817595047,
    "cohen_d": 2.351612178279724
  },
  "feature_columns": [
    "cadence_spm",
    "stride_time_s",
    "stride_time_cv",
    "step_time_asymmetry",
    "stride_length_norm",
    "stride_amp_norm",
    "step_length_asymmetry",
    "knee_left_rom",
    "knee_right_rom",
    "knee_left_max",
    "knee_right_max",
    "ldj_knee_left",
    "ldj_knee_right",
    "ldj_hip",
    "trunk_lean_std_deg",
    "inter_ankle_cv"
  ],
  "n_features": 16,
  "n_components": 2,
  "scaler": {
    "mean": [
      93.82554180433253,
      1.3416377649325628,
      0.03583004423453677,
      -0.014970903079784558,
      11.314590232666655,
      5.703087638903507,
      -0.015306653126464807,
      24.97532546505211,
      28.51777856530499,
      177.96944668339404,
      177.49660621219084,
      4657.235847789426,
      4506.5419966208465,
      900.8323632752416,
      1.037987124008854,
      0.5025891985400414
    ],
    "scale": [
      18.875826698533565,
      0.3230322811361417,
      0.05371599391050236,
      0.07116271177956257,
      4.197531916153371,
      1.8874742548686183,
      0.05127926360906556,
      6.87602208637449,
      7.196234693517489,
      1.5908400251955848,
      1.9731975519266876,
      3611.7707636158984,
      3129.746910593557,
      480.9763861821263,
      0.38820533518869793,
      0.05474132108681666
    ],
    "description": "Apply: (x - mean) / scale"
  },
  "pca": {
    "components": [
      [
        0.4065476039957268,
        -0.39415181946252187,
        -0.16623588843626477,
        0.09889274098340253,
        0.38850142776477764,
        0.3948483837287681,
        0.03505959039534692,
        0.3594698648162753,
        0.4054130212775607,
        0.052355541159400734,
        0.08339229796439102,
        -0.0178071328731511,
        0.0756167630694151,
        -0.0689189033357813,
        -0.1368704175985575,
        -0.033007102538025974
      ],
      [
        0.07060138571304388,
        -0.11369796017834048,
        0.04280519699696639,
        -0.013104412015513654,
        0.024122797149650172,
        0.02924804630252482,
        -0.07008657518638856,
        -0.10732165822154906,
        -0.020028786119512376,
        0.06651662753151268,
        0.0650108413597116,
        0.4894915107540616,
        0.5277511646344863,
        0.5242024354800771,
        0.21727736542122336,
        0.3362199912497403
      ]
    ],
    "explained_variance": [
      4.406183998957343,
      2.6504998172633645
    ],
    "explained_variance_ratio": [
      0.27379467045544176,
      0.16469868806694313
    ],
    "total_variance_explained": 0.4384933585223849,
    "mean": [
      4.107183443700001e-17,
      -6.366134337735001e-16,
      -1.2321550331100002e-16,
      4.107183443700001e-17,
      1.0267958609250002e-16,
      -2.0535917218500004e-17,
      -2.0535917218500004e-17,
      0.0,
      3.696465099330001e-16,
      -1.230871538283844e-15,
      7.495609784752502e-16,
      0.0,
      6.160775165550001e-17,
      8.214366887400002e-17,
      1.6428733774800003e-16,
      8.933123990047503e-16
    ]
  },
  "thresholds": {
    "optimal": -1.7705793498525741,
    "youden_sensitivity": 0.991304347826087,
    "youden_specificity": 0.8620689655172413,
    "description": "Distance > threshold = impaired"
  },
  "score_distributions": {
    "clean": {
      "mean": -1.1482028903479842,
      "std": 0.7330763348659675,
      "median": -1.0333341320602538,
      "n": 58,
      "p0": -3.8896665323679365,
      "p25": -1.507162935967443,
      "p50": -1.0333341320602538,
      "p75": -0.6451400527071485,
      "p95": -0.2772321437472414,
      "p100": -0.1087981557405392
    },
    "impaired": {
      "mean": -3.8722991193726597,
      "std": 1.4650453596453197,
      "median": -3.5853150216246026,
      "n": 115,
      "p0": -8.938012488221544,
      "p25": -4.804140164176788,
      "p50": -3.5853150216246026,
      "p75": -2.7383461501309467,
      "p95": -1.876315107555464,
      "p100": -1.7570738870686335
    },
    "severity_0": {
      "mean": -1.1482028903479842,
      "std": 0.7330763348659675,
      "median": -1.0333341320602538,
      "n": 58,
      "p0": -3.8896665323679365,
      "p25": -1.507162935967443,
      "p50": -1.0333341320602538,
      "p75": -0.6451400527071485,
      "p95": -0.2772321437472414,
      "p100": -0.1087981557405392
    },
    "severity_1": {
      "mean": -3.3686119889158297,
      "std": 1.1810349919780536,
      "median": -3.3256371449904485,
      "n": 40,
      "p0": -6.4104386872090515,
      "p25": -3.9515750951083657,
      "p50": -3.3256371449904485,
      "p75": -2.5272249659899093,
      "p95": -1.827293939543004,
      "p100": -1.7869571216937052
    },
    "severity_2": {
      "mean": -3.5770179503299766,
      "std": 1.3436061945713398,
      "median": -3.239476791776026,
      "n": 48,
      "p0": -8.248244043311287,
      "p25": -4.376694705005261,
      "p50": -3.239476791776026,
      "p75": -2.593356384176264,
      "p95": -1.9597281245225533,
      "p100": -1.7570738870686335
    },
    "severity_3": {
      "mean": -5.143446576125325,
      "std": 1.311259845627228,
      "median": -5.22139818162589,
      "n": 27,
      "p0": -8.938012488221544,
      "p25": -5.669874120719699,
      "p50": -5.22139818162589,
      "p75": -4.4624285541721225,
      "p95": -3.1915037899281513,
      "p100": -2.416853763538489
    }
  },
  "score_mapping": {
    "description": "Map -dist (latent) to 0-100. Higher = healthier.",
    "p1": -7.296021379422888,
    "p99": -0.228985432500283,
    "formula": "clip((score - p1) / (p99 - p1) * 100, 0, 100)"
  },
  "clinical_mapping": {
    "lower_is_better": false,
    "breakpoints": [50.0, 70.0, 85.0],
    "health_scores": [0.0, 40.0, 65.0, 85.0, 100.0],
    "description": "Latent distance: smaller dist = healthier. score = -dist, then linear map, then shared piecewise."
  },
  "threshold": 78.2,
  "threshold_meaning": "health_score_below_this_is_impaired",
  "usage": {
    "step1": "Normalize input: x_norm = (x - scaler.mean) / scaler.scale",
    "step2": "Project to PC space: pc = x_norm @ pca.components.T",
    "step3": "dist = ||pc - normal_centroid||, score = -dist",
    "step4": "Map to 0-100: (score - p1) / (p99 - p1) * 100, then apply shared breakpoints [50,70,85]"
  },
  "generated": "2026-03-07T21:45:34.031716",
  "normal_centroid": [
    2.1986983061138203,
    -0.4945527565260164
  ]
}