{
  "model_name": "AE-2D-tapered-latent-retrained",
  "scaler": {
    "mean": [
      112.25735137422205,
      1.073052727569968,
      0.049630825013174854,
      -0.0007404532180941225,
      15.809098421517065,
      7.41796136306504,
      -0.0008093798094058125,
      27.993858660681774,
      27.171620999352406,
      176.77547571214578,
      176.8821183544094,
      2507.2048422603284,
      2445.994252350371,
      761.6380576440844,
      2.2175228019892157,
      0.4456366250070475
    ],
    "scale": [
      6.808080298843274,
      0.0675484804154735,
      0.04471820499555188,
      0.02228010752111583,
      4.0217842768695595,
      1.6873665637104363,
      0.03668794326097866,
      5.737489367154474,
      6.238974922606209,
      1.3024069031799872,
      1.1587717249867726,
      1375.926591237771,
      1323.749280238612,
      2427.0557057358033,
      5.986131027973787,
      0.036082425507360634
    ]
  },
  "score_mapping": {
    "p1": -9.14892640990436,
    "p99": -0.2463271418250736
  },
  "normal_centroid": [
    -0.12195613235235214,
    -0.33989259600639343
  ],
  "inv_covariance": [
    [
      1.0106741023164656,
      0.049997094657060766
    ],
    [
      0.04999709465706077,
      0.7456587039846962
    ]
  ],
  "latent_dim": 2,
  "encoder_tflite": "AE-2D-tapered-latent_encoder.tflite"
}